{
  "dependencies": {
    "mssql1": {
      "type": "mssql.local",
      "connectionId": "MyMusicHeavenContextConnection"
    },
    "mssql2": {
      "type": "mssql.local",
      "connectionId": "MyMusicHeavenNewContext"
    },
    "mssql3": {
      "type": "mssql.local",
      "connectionId": "MyMusicHeavenContext1"
    },
    "storage1": {
      "resourceId": "/subscriptions/[parameters('subscriptionId')]/resourcegroups/[parameters('resourceGroupName')]/providers/Microsoft.Storage/storageAccounts/mymusicheavenstorage",
      "type": "storage.azure",
      "connectionId": "MusicHeavenBlob",
      "secretStore": null
    }
  }
}